theverge.com,
airbnb.com,
momoshop.com.tw,
tn.com.ar,
wemakeprice.com,
alitalia.com,
merkur.de,
adop.cc,
tvrain.ru,
edaily.co.kr,
cimri.com,
more.tv,
popmech.ru,
alquds.co.uk,
deepmind.com,
easyhindityping.com,
enchantedlearning.com,
patrika.com,
hut.ru,
financefeeds.com,
joyorganics.com,
idongde.com,
dimensions.com,
freewebhostingarea.com,
forbetterscience.com,
vlogg.com,
photoshare.ru,
tennis365.net,
twoeggz.com,
zinref.ru,
resepkoki.id,
deskmodder.de,
allekringloopwinkels.nl,
fhinstitute.com,
mountainjackpot.com,
adulteenshow.mobi,
webdesignmagazine.net,
sheplanet.com,
bengkulutoday.com,
hi.ru,
urdupoint.com,
royanews.tv,
homepornking.com,
charter97.org,
inrdeals.com,
sifiraracal.com,
openweathermap.org,
dogdrip.net,
kabeto.net,
truelancer.com,
judge.me,
desapega.net,
gossiplankanews.com,
thehappinessplanner.com,
articlekz.com,
gsmofficial.com,
onlygfx.com,
faysal777.blogspot.com,
freaksense.com,
gisgeography.com,
free-online-writing.com,
hainger.com,
mudrsa.com,
pal2day.com,
rafah-news.com,
silken.sa,
souq-proyard.com,
spisy.net,
trenditnews.com,
yallaandroid.com,
zamnpress.com,
einfach-effektiv.de,
kanalbau.com,
iamnewswire.com,
expertwindow.us,
channel3000.com,
free-codecs.com,
techtastic.nl,
wetter.it,
pickyourownchristmastree.org,
bbsradio.com,
befonts.com,
sicemdawgs.com,
boginmunns.com,
iccadubai.ae,
gay-xxx.me,
all-fizika.com,
allekringloopwinkels.nl,
fhinstitute.com,
mountainjackpot.com,
adulteenshow.mobi,
webdesignmagazine.net,
sheplanet.com,
bengkulutoday.com,
hi.ru,
urdupoint.com,
royanews.tv,
homepornking.com,
charter97.org,
inrdeals.com,
sifiraracal.com,
openweathermap.org,
dogdrip.net,
kabeto.net,
truelancer.com,
judge.me,
desapega.net,
gossiplankanews.com,
thehappinessplanner.com,
articlekz.com,
gsmofficial.com,
onlygfx.com,
faysal777.blogspot.com,
freaksense.com,
gisgeography.com,
free-online-writing.com,
hainger.com,
mudrsa.com,
pal2day.com,
rafah-news.com,
silken.sa,
souq-proyard.com,
spisy.net,
trenditnews.com,
yallaandroid.com,
zamnpress.com,
einfach-effektiv.de,
kanalbau.com,
iamnewswire.com,
expertwindow.us,
cdpn.io,
www.seematurevideos.com,
www.sexhentaisex.com,
www.sexhairypussy.com,
www.sexylesbianpussy.com,
www.sexyclassicporn.com,
www.sexygayfilms.com,
www.showbizjunkies.com,
www.smartphones.how,
www.subscene.com,
www.tafsirmimpi.co,
www.tamildailycalendar.com,
www.teensexass.com,
www.thaienquirer.com,
www.theaestheticsofflowers.com,
www.thefinancialexpress.com.bd,
www.themobileindian.com,
www.thesak.com,
www.theramenrater.com,
www.thereporter.asia,
www.tollywood.net,
www.tomtekno.com,
www.topgraduate.co,
www.tori.ng,
www.trannysexfilms.com,
tv2.no,
tv2.dk,
cults3d.com,
wbtv.com,
fontlibrary.org,
androidheadlines.com,